File,Precision,Recall,F1 Score
APS_fasttext_results.csv,0.9089017778338166,0.7769873349501482,0.8377836534270854
APS_ensemble_results.csv,0.8824348407217643,0.8857398401252166,0.8840842516390013
APS_openalex_v1_results.csv,0.8476610472256336,0.8792195008974582,0.8631519113258491
APS_affiliation_results.csv,0.8956480412791092,0.7145101012836483,0.7948903350204868
APS_openalex_v2_results.csv,0.831551090948369,0.912090515964694,0.8699607311354068
