File,Precision,Recall,F1 Score
Crossref_API_fasttext_test_results.csv,0.8848943550930306,0.7000998003992016,0.7817244741607466
Crossref_API_openalex_v1_test_results.csv,0.8234332425068119,0.8112751677852349,0.8173089925625422
Crossref_API_ensemble_test_results.csv,0.8829015544041451,0.8691660290742158,0.8759799511630896
Crossref_API_openalex_v2_test_results.csv,0.7734913199228438,0.7904815544916924,0.7818941504178273
Crossref_API_basic_affiliation_test_results.csv,0.94176,0.7022190408017179,0.8045379989065063
